Inventarnummer,Titel,Dokumentation/Metainformation,Fotogr. Tests/Proben,Darstellung/Ikonographie,Anzeige Datierung,Datierung von,Datierung bis,Ort,Signatur,Maße,"Freigabe Portal (diese Angabe zeigt an ob das Negativ bereits in der MKG Sammlung online ist, nicht in visualiserung einbeziehen!)",Relation 1,Relation 2,Relation 3,Relation 4
P2017.3.151,Greifenklaue als Trinkhorn des Flensburger Schnittger- und Tischleramtes,,,"Ornamente, Trinkhorn, Trinkgefäße, Essen und Trinken, Werk der angewandten Kunst, Buchstaben, Alphabet, Schrift, Vögel (Klaue), Mann, Junge, Wappen (Insignien) (Zünfte), Banderole",1898,07.06.1898,13.10.1898,Hamburg,"nummeriert o. li. in schwarzer Tusche: ""151""","Gesamt Höhe: 23,8cmBreite: 18cm;",freigegeben,bildet ab 1898.104,,,
P2017.3.152,Greifenklaue alsTrinkhorn des Flensburger Schnittger- und Tischleramtes,,,"Ornamente, Trinkhorn, Trinkgefäße, Essen und Trinken, Werk der angewandten Kunst, Junge, Mann, Buchstaben, Alphabet, Schrift, Vögel (Klaue), Banderole",1898,07.06.1898,13.10.1898,Hamburg,"nummeriert o. li. in schwarzer Tusche: ""152""","Gesamt Höhe: 23,8cmBreite: 18cm;",freigegeben,bildet ab 1898.104,,,
P2017.3.153,Aquamanile in Gestalt eines Löwen,,,"Fabeltiere (Drache), Löwe (Raubtiere), Kanne (Trinkgefäß) (Gießgefäß, Aquamanile), Werk der angewandten Kunst (Bronze)",1898,07.06.1898,13.10.1898,Hamburg,"nummeriert re. in schwarzer Tusche: ""153""","Gesamt Höhe: 23,8cmBreite: 18cm;",freigegeben,bildet ab 1898.176,,,
P2017.3.154,Aquamanile in Gestalt eines Löwen,,,"Fabeltiere (Drache), Löwe (Raubtiere), Kanne (Trinkgefäß) (Gießgefäß, Aquamanile), Werk der angewandten Kunst (Bronze)",1898,07.06.1898,13.10.1898,Hamburg,"nummeriert li. in schwarzer Tusche: ""154""","Gesamt Höhe: 23,8cmBreite: 18cm;",freigegeben,bildet ab 1898.176,,,
P2017.3.211,Brauttruhe der Anna Semmelbecker,,,"Truhe, Kasten, Kiste, Altes Testament, Werk der angewandten Kunst (Holz, z.B. Vertäfelung), Buch Tobit (Tobias), Ornamente, Buchstaben, Alphabet, Schrift, Wappen (Insignien), Ornamente",um 1899,1898,1899,Hamburg,"nummeriert o. li. in schwarzer Tusche: ""211"";","Gesamt Höhe: 23,8cmBreite: 17,8cm;",freigegeben,bildet ab 1898.209,,,
P2017.3.212,Esther Truhe,,,"Truhe, Kasten, Kiste, Werk der angewandten Kunst (Holz, z.B. Vertäfelung), Ornamente, christliche Religion, Amoretten, Putten, Geschichte von Esther, Banderole, Buchstaben, Alphabet, Schrift",um 1899,1898,1899,Hamburg,"nummeriert o. li. in schwarzer Tusche: ""212""","Gesamt Höhe: 23,8cmBreite: 17,8cm;",freigegeben,bildet ab 1898.128,,,
P2017.3.219,Figur Austernverkäufer,,,"Werk der angewandten Kunst (Keramik) (Porzellan), Mann, Armhaltungen, Gesten, Auster, Behälter (Korb), Hut, Kleidung, Schuhe, Sandalen",um 1899,1898,1899,Hamburg,"nummeriert o. li. in schwarzer Tusche: ""219""","Gesamt Höhe: 17,8cmBreite: 12,8cm;",nicht freigegeben,bildet ab 1898.49,,,
P2017.3.225,Humpen mit Weintrauben,,,"Trinkgefäße, Blumenornamente, Rankenornament, Blumen, Weintraube, Weinrebe, Werk der angewandten Kunst (Keramik), Behälter (Keramik): Gefäß, Krug, Topf, Vase",um 1899,1898,1899,Hamburg,"nummeriert o. li. in schwarzer Tusche: ""225""","Gesamt Höhe: 23,8cmBreite: 18cm;",freigegeben,bildet ab 1895.333,,,
P2017.3.228,Kasten für Schreibutensilien (bunko),,,"Fächer, Truhe, Kasten, Kiste, Vogelfedern (Pfauenfeder), Werk der angewandten Kunst (Lack), Buchstaben, Alphabet, Schrift, Ornamente",um 1899,1898,1899,Hamburg,"nummeriert o. li. in schwarzer Tusche: ""228""","Gesamt Höhe: 23,8cmBreite: 17,8cm;",freigegeben,bildet ab 1898.154,,,
P2017.3.233,Rosenkranzrelief,,,"Marienkrönung, Engel (christliche Religion), Rosenkranzmadonna, Maria mit Christuskind (Madonna), Rosenkranz, Papst, christliche Religion, Skulptur, Plastik, Bildhauerkunst (Relief), Heilige",um 1899,1898,1899,Hamburg,"nummeriert o. li. in schwarzer Tusche: ""233""","Gesamt Höhe: 23,8cmBreite: 18cm;",freigegeben,bildet ab 1899.101,,,
P2017.3.234,Ingwertopf (Japan),,,"Blumenornamente (Pflaume), Behälter (Keramik): Gefäß, Krug, Topf, Vase, Ornamente, Werk der angewandten Kunst (Keramik)",um 1899,1898,1899,Hamburg,"nummeriert o. li. in schwarzer Tusche: ""234""","Gesamt Höhe: 23,8cmBreite: 17,8cm;",freigegeben,bildet ab 1948.110.a,b, Abbildung weitgehend identisch P2017.3.458,
P2017.3.392,Lekythos in Form eines Eros,,,"Geschichte des Cupido, Amor (Eros), Behälter (Keramik): Gefäß, Krug, Topf, Vase, männlicher Akt, Pflanzenornamente, Klassische Mythologie/Antike Geschichte, Geschichte und Archäologie (Antike), Ornamente",1899,15.07.1899,11.09.1899,Hamburg,"nummeriert o. re. in schwarzer Tusche: ""392""","Gesamt Höhe: 23,8cmBreite: 17,8cm;",freigegeben,bildet ab 1899.95,,,
P2017.3.419,Deckelvase,,,"Werk der angewandten Kunst (Keramik), Behälter (Keramik): Gefäß, Krug, Topf, Vase, junge Frau, Mädchen, Kopfbedeckung, Medaillon (Ornament), Profil (Seitenansicht), Kopfbild, Girlanden, Blumengewinde (Ornament), Ornamente, Amoretten, Putten",um 1899,1899,1900,Hamburg,"nummeriert o. li. in schwarzer Tusche: ""419""","Gesamt Höhe: 23,8cmBreite: 17,8cm;",freigegeben, bildet ab 1899.290,Abbildung weitgehend identisch P2017.3.420,,
P2017.3.421,Surtout mit Behangmuster (Tafelaufsatz),,,"Werk der angewandten Kunst (Keramik), Essservice, Essgeschirr, Blumenornamente, Pflanzenornamente",um 1899,1899,1900,Hamburg,"nummeriert o. li. in schwarzer Tusche: ""421""","Gesamt Höhe: 23,8cmBreite: 17,8cm;",freigegeben,bildet ab 1900.41,,,
P2017.3.422,Platte mit Behangmuster,,,"Werk der angewandten Kunst (Keramik), Essservice, Essgeschirr, Blumenornamente, Pflanzenornamente, Vögel (Fasan), Teller, Platte, Obst",um 1899,1899,1900,Hamburg,"nummeriert o. li. in schwarzer Tusche: ""422""","Gesamt Höhe: 23,8cmBreite: 17,8cm;",freigegeben,bildet ab 1914.318,,,
P2017.3.445,Wandkalender,,,"Werk der angewandten Kunst (Edelmetalle), Ornamente, Blumenornamente, Personifikationen, Laub- und Bandelwerk, Kalender, Almanach, Zeitmessung/Uhr, Monate, Monatsbilder, Mai, Muschel, Rankenornament",um 1900,1899,1900,Hamburg,"o. li. in schwarzer Tusche: ""445"";","Gesamt Höhe: 23,8cmBreite: 17,8cm;",freigegeben,bildet ab 1900.93,,,
P2017.3.466,Messglocke mit Reliefverzierungen,,,"Banderole, Rankenornament, Akanthusornament, Werk der angewandten Kunst (Bronze), Ornamente, Amoretten, Putten, Löwe (Raubtiere)",1900,04.04.1900,14.05.1900,Hamburg,"nummeriert o. li. in schwarzer Tusche: ""466""","Gesamt Höhe: 23,8cmBreite: 17,8cm;",freigegeben,bildet ab 1899.305,,,
P2017.3.509,Schwertstichblatt Affe (Tsuba),,,"Affen, Schwert (Schwertzubehör), Bäume, Sträucher, Mond, Kopf, Gesicht, Werk der angewandten Kunst (Metalle), Blumenornamente",1900,14.05.1900,30.08.1900,Hamburg,"nummeriert o. li. in schwarzer Tusche: ""509"";","Gesamt Höhe: 23,8cmBreite: 17,8cm;",nicht freigegeben,,,,
P2017.3.510,Schwertstichblatt Ernte (Tsuba),,,"Ernte, Schwert (Schwertzubehör), Bäume, Sträucher, Berge, Gebirge, Werk der angewandten Kunst (Metalle)",1900,14.05.1900,30.08.1900,Hamburg,"nummeriert o. li. in schwarzer Tusche: ""510"";","Gesamt Höhe: 23,8cmBreite: 17,8cm;",nicht freigegeben,,,,
P2017.3.530,Kabinettschrank,,,"Werk der angewandten Kunst (Holz, z.B. Vertäfelung), Schrank, Möbel und Hausrat, Ornamente, Engel (christliche Religion), Amoretten, Putten, Pflanzenornamente, Kartusche (Ornament), Akanthusornament",1900,14.05.1900,30.08.1900,Hamburg,"nummeriert o. li. in schwarzer Tusche: ""530"";","Gesamt Höhe: 23,8cmBreite: 17,8cm;",nicht freigegeben, bildet ab 1900.151,,Objekt identisch P2017.3.531,
P2017.3.531,Kabinettschrank,,,"Werk der angewandten Kunst (Holz, z.B. Vertäfelung), Schrank, Rankenornament, Engel (christliche Religion), Amoretten, Putten, Akanthusornament, Kartusche (Ornament)",1900,14.05.1900,30.08.1900,Hamburg,"nummeriert re. in schwarzer Tusche: ""531""","Gesamt Höhe: 23,8cmBreite: 17,8cm;",nicht freigegeben, bildet ab 1900.151,Objekt identisch P2017.3.530,,
P2017.3.532,"Relief ""Le bébé endormi"" (Das schlafende Baby)",,,"Baby, Säugling (Lebensalter), Skulptur, Plastik, Bildhauerkunst (Keramik), Schlaf, Vision, Traum, Armhaltungen, Gesten, Kopf, Gesicht",1900,14.05.1900,30.08.1900,Hamburg,"nummeriert re. in schwarzer Tusche: ""532""","Gesamt Höhe: 23,8cmBreite: 17,8cm;",freigegeben,bildet ab 1896.050, Abbildung weitgehend identisch P2017.3.2475,,
P2017.3.536,Plastik Maria mit Kind,,,"Maria, Christus, Skulptur, Plastik, Bildhauerkunst (Terrakotta), Maria mit Christuskind (Madonna)",1900,14.05.1900,30.08.1900,Hamburg,"nummeriert o. li. in schwarzer Tusche: ""536""","Gesamt Höhe: 23,8cmBreite: 17,8cm;",freigegeben,bildet ab 1894.50,,,
P2017.3.553,Kleopatra Teller,,,"Werk der angewandten Kunst (Keramik), Teller, Platte, Säule, Pfeiler (Architektur), Couch, Sofa, Kanapee (Chaiselongue), Schlangen, liegender weiblicher Akt, Geschichte von Cleopatra, Amoretten, Putten",1900,14.05.1900,30.08.1900,Hamburg,"nummeriert o. li. in schwarzer Tusche: ""553"" ; beschriftet o. ""Gelbscheibe Berlin""","Gesamt Höhe: 23,8cmBreite: 17,8cm;",freigegeben,bildet ab 1900.160, Abbildung weitgehend identisch P2017.3.258, Abbildung weitgehend identisch P2017.3.554, Abbildung weitgehend identisch P2017.3.555
P2017.3.576,"Vase ""Die Welle""",,,"Werk der angewandten Kunst (Keramik) (Porzellan), Welle, Meer, Möwe, Behälter (Keramik): Gefäß, Krug, Topf, Vase",1900,14.05.1900,30.08.1900,Hamburg,"nummeriert o. li. in schwarzer Tusche: ""576""","Gesamt Höhe: 23,8cmBreite: 17,8cm;",freigegeben,bildet ab 1889.294,,,
P2017.3.619,Nautiluspokal Venus und Neptun,,,"Muschel (Nautilus), Trinkgefäße, Götter (klass. Mythologie), Neptun und Gefolge, Fische (Tiere), Seeungeheuer, Ornamente, Kartusche (Ornament), Geschichte der Venus (Aphrodite), Werk der angewandten Kunst, weiblicher Akt, Engel (christliche Religion), Werk der angewandten Kunst (Edelmetalle), Werk der angewandten Kunst (tierische Materialien) (Muschel)",um 1900,1900,1901,Hamburg,"nummeriert o. li. in schwarzer Tusche: ""619""","Gesamt Höhe: 23,8cmBreite: 17,8cm;",freigegeben,bildet ab 1937.10,,,
P2017.3.620,Nautiluspokal Venus und Neptun,,,"Muschel (Nautilus), Trinkgefäße, Neptun und Gefolge, Götter (klass. Mythologie), weiblicher Akt, Ornamente, Kartusche (Ornament), Fische (Tiere), Seeungeheuer, Werk der angewandten Kunst (Edelmetalle), Werk der angewandten Kunst (tierische Materialien) (Muschel), Schnecke, Geschichte der Venus (Aphrodite)",um 1900,1900,1901,Hamburg,"nummeriert o. li. in schwarzer Tusche: ""620""","Gesamt Höhe: 23,8cmBreite: 17,8cm;",freigegeben,bildet ab 1937.10,,,
P2017.3.736,"Schmuckkamm ""Mistelzweig""",,,"Haarpflege, Schmuck, Juwelen, Mistel, Kamm, Bürste und andere Utensilien für die Haarpflege, Werk der angewandten Kunst, Pflanzenornamente",um 1901,1900,1901,Hamburg,"nummeriert o. li. in schwarzer Tusche: ""736""","Gesamt Höhe: 23,8cmBreite: 17,8cm;",freigegeben,bildet ab 1900.445, Abbildung weitgehend identisch P2017.3.736a,,
P2017.3.737,"Schmuckkamm ""Chrysanthemen""",,,"Haarpflege, Schmuck, Juwelen, Blumenornamente (Chrysantheme), Werk der angewandten Kunst, Kamm, Bürste und andere Utensilien für die Haarpflege, Pflanzenornamente",um 1901,1900,1901,Hamburg,"nummeriert o. li. in schwarzer Tusche: ""737""","Gesamt Höhe: 23,8cmBreite: 17,8cm;",freigegeben,bildet ab 1900.446,,,
P2017.3.739,Relief Narziss,,,"Narcissus betrachtet sein Spiegelbild, Werk der angewandten Kunst (Bronze), Werk der angewandten Kunst (Holz, z.B. Vertäfelung) (Rahmen), Geschichte von Narcissus, Klassische Mythologie/Antike Geschichte, männlicher Akt, Pflanzen, Vegetation",um 1901,1900,1901,Hamburg,"nummeriert o. li. in schwarzer Tusche: ""739""","Gesamt Höhe: 23,8cmBreite: 17,8cm;",freigegeben,bildet ab 1900.268,,,
P2017.3.742,Becher mit Silberfassung,,,"Essservice, Essgeschirr (Becher), Pflanzenornamente, Werk der angewandten Kunst (Edelmetalle), Werk der angewandten Kunst (Keramik)",um 1901,1900,1901,Hamburg,"nummeriert o. li. in schwarzer Tusche: ""742""","Gesamt Höhe: 23,8cmBreite: 17,8cm;",freigegeben,bildet ab 1900.245,,,
P2017.3.743,"Puderdose ""Bouton d'or""",,,"Werk der angewandten Kunst (Keramik), Blumenornamente, Blumen (Butterblume), Frosch, Tiere als Ornament",um 1901,1900,1901,Hamburg,"nummeriert o. li. in schwarzer Tusche: ""743""","Gesamt Höhe: 23,8cmBreite: 17,8cm;",freigegeben,bildet ab 1900.289,,,
P2017.3.744,Drei Vasen der Porzellanmanufaktur Sèvres,,,"Werk der angewandten Kunst (Keramik) (Porzellan), Blumenornamente, Pflanzenornamente, Klee, Behälter (Keramik): Gefäß, Krug, Topf, Vase",um 1901,1900,1901,Hamburg,"nummeriert o. li. in schwarzer Tusche: ""744""","Gesamt Höhe: 23,8cmBreite: 17,8cm;",freigegeben,bildet ab 1900.286, bildet ab 1900.283, bildet ab 1900.285,
P2017.3.749b,Selette mit Vase und Kleinplastik Schnee-Eule,,,"Skulptur, Plastik, Bildhauerkunst, Eulen (Schneeeule), Behälter (Keramik): Gefäß, Krug, Topf, Vase, Möbel und Hausrat, Werk der angewandten Kunst (Holz, z.B. Vertäfelung), Werk der angewandten Kunst (Keramik), Frosch, Tisch",um 1901,1900,1901,Hamburg,"nummeriert o. li. in schwarzer Tusche: ""749,b""","Gesamt Höhe: 23,8cmBreite: 17,8cm;",freigegeben,bildet ab 1900.207, bildet ab 1900.382, bildet ab 1900.195, abgebildet auf/in P2017.3.762
P2017.3.751,Vase Alpenveilchen,,,"Werk der angewandten Kunst (Keramik), Blumenornamente, Blumen (Alpenveilchen), Behälter (Keramik): Gefäß, Krug, Topf, Vase",um 1901,1900,1901,Hamburg,"nummeriert o. li. in schwarzer Tusche: ""751""","Gesamt Höhe: 23,8cmBreite: 17,8cm;",freigegeben,bildet ab 1900.318,,,
P2017.3.860,"Figur ""Sandalenbinderin""",,,"Skulptur, Plastik, Bildhauerkunst, Frau, Kleid, Schuhe, Sandalen, Armhaltungen, Gesten, Werk der angewandten Kunst (Keramik)",1901,13.05.1901,18.07.1901,Hamburg,"nummeriert o. li. in schwarzer Tusche: ""860""","Gesamt Höhe: 23,8cmBreite: 17,8cm;",freigegeben,bildet ab 1900.476, Abbildung weitgehend identisch P2017.3.812,,
P2017.3.880b,Grabrelief Mädchen reicht einem Knaben die Hand,,,"Werk der angewandten Kunst (Marmor), junge Frau, Mädchen, Armhaltungen, Gesten, Skulptur, Plastik, Bildhauerkunst, Grabstein, Grabplatte, Junge",1901,19.07.1901,01.08.1901,Hamburg,"nummeriert o. li. in schwarzer Tusche: ""880,b.""; beschriftet li. in schwarzer Tusche: ""Lumiere-Platte, 2 Jahre alt.""","Gesamt Höhe: 23,8cmBreite: 17,8cm;",freigegeben, bildet ab 1899.207,Abbildung weitgehend identisch P2017.3.880a,,
P2017.3.891,"Horn in Form einer Muschel (Hora), japansiche Blumenvase (Hanaike) und Schale",,,"Werk der angewandten Kunst (Edelmetalle), Muschel, Fabeltiere (Drache), Ornamente (Welle), Ornamente, Behälter",1901,19.07.1901,01.08.1901,Hamburg,"nummeriert o. li. in schwarzer Tusche: ""891""","Gesamt Höhe: 23,8cmBreite: 17,8cm;",nicht freigegeben, bildet ab 1898.26.a,b,Abbildung identisch 1891.392, Pendant zu P2017.3.11
P2017.3.892,Räuchergefäße Kōro) in Form von Lotos,,,"Werk der angewandten Kunst (Bronze), Lotusblume, Pflanzenornamente, Gegenstände und Hilfsmittel ritueller Praktiken (Hinduismus, Buddhismus, Jainismus)",1901,19.07.1901,01.08.1901,Hamburg,"nummeriert o. li. in schwarzer Tusche: ""892""","Gesamt Höhe: 23,8cmBreite: 17,8cm;",freigegeben,bildet ab 1890.288, bildet ab 1890.289, bildet ab 1894.155,
P2017.3.895,Drei Körbe aus Japan,,,"Behälter (Korb), Werk der angewandten Kunst (pflanzliche Materialien) (Rohrgeflecht, Bambus)",1901,19.07.1901,01.08.1901,Hamburg,"nummeriert o. li. in schwarzer Tusche: ""895""","Gesamt Höhe: 23,8cmBreite: 17,8cm;",freigegeben,bildet ab 1889.231,,,
P2017.3.896,Drei Blumenkörbe aus Japan,,,"Behälter (Korb), Werk der angewandten Kunst (pflanzliche Materialien) (Rohrgeflecht, Bambus)",1901,19.07.1901,01.08.1901,Hamburg,"nummeriert o. li. in schwarzer Tusche: ""896""","Gesamt Höhe: 23,8cmBreite: 17,8cm;",freigegeben,bildet ab 1885.108, bildet ab 1889.114, bildet ab 1889.162,
P2017.3.915,"Bucheinband ""Cyrano de Bergerac. Comédie héroïque en cinq actes"" von Edmond Rostand",,,"Buch (Einband), Pflanzenornamente (Ahornblatt), Werk der angewandten Kunst (Häute, Leder)",um 1901,1901,1902,Hamburg,"nummeriert o. li. in schwarzer Tusche: ""915""","Gesamt Höhe: 23,8cmBreite: 17,8cm;",freigegeben,bildet ab 1900.428,,,
P2017.3.916,"Bucheinband ""Le Pape"" von Victor Hugo",,,"Buch (Einband), Lilie, Werk der angewandten Kunst (Häute, Leder)",um 1901,1901,1902,Hamburg,"nummeriert o.  in schwarzer Tusche: ""916""","Gesamt Höhe: 23,8cmBreite: 17,8cm;",freigegeben,bildet ab 1900.429,,,
P2017.3.1004a,Blumengefäß (Hanaike),,,"Werk der angewandten Kunst (Keramik), Kind, Behälter (Korb), Kleidung, Armhaltungen, Gesten, Behälter (Keramik): Gefäß, Krug, Topf, Vase",um 1902,1901,1902,Hamburg,"nummeriert re. in schwarzer Tusche: ""1004.a"";","Gesamt Höhe: 23,8cmBreite: 17,8cm;",nicht freigegeben, bildet ab 1902.415,Abbildung identisch P2017.3.1004b,,
P2017.3.1005,Statuette Mädchen,,,"Skulptur, Plastik, Bildhauerkunst, Mädchen, Armhaltungen, Gesten, Werk der angewandten Kunst (Keramik), Kleidung",um 1902,1901,1902,Hamburg,"nummeriert o. li. in schwarzer Tusche: ""1005""","Gesamt Höhe: 23,8cmBreite: 17,8cm;",freigegeben,bildet ab 1894.83,,,
P2017.3.1007,Nolanische Amphora (Waffenlauf),,,"Sport, Spiele (Wettlauf), Soldat/Soldatenleben, Schild (Waffen), Mäander, Behälter (Keramik): Gefäß, Krug, Topf, Vase, Werk der angewandten Kunst (Keramik)",um 1902,1901,1902,Hamburg,"nummeriert o. li. in schwarzer Tusche: ""1007""","Gesamt Höhe: 23,8cmBreite: 17,8cm;",freigegeben,bildet ab 1897.222,,,
P2017.3.1026,"Bucheinband ""La Belle Armurière"" von Dive et Ducéré",,,"Buch (Einband), Blumenornamente (Rosen), Burg, Schloss, Werk der angewandten Kunst (Häute, Leder), Buchstaben, Alphabet, Schrift",um 1902,1901,1902,Hamburg,"nummeriert o. li. in schwarzer Tusche: ""1026""","Gesamt Höhe: 23,8cmBreite: 17,8cm;",freigegeben,"(ohne Datensatz, vermutlich Kriegsverlust, Fälschung unwahrscheinlich)",,,
P2017.3.1033,Schwertzubehör (Japan),,,"Schwert (Schwertzubehör), Werk der angewandten Kunst (Metalle), Kirsche, Pflanzenornamente, Vögel, Sammeln und Ausstellen von Kunstwerken, Blumenornamente, Buchstaben, Alphabet, Schrift",um 1902,1901,1902,Hamburg,"nummeriert o. li. in schwarzer Tusche: ""1033""","Gesamt Höhe: 23,8cmBreite: 17,8cm;",freigegeben,,,,
P2017.3.1041,Schwertzubehör (Japan),,,"Schwert (Schwertzubehör), Bäume, Sträucher (Bambus), Werk der angewandten Kunst (Metalle), Pflanzenornamente, Tierornamente, Vögel, Sammeln und Ausstellen von Kunstwerken, Mond, Welle, Buchstaben, Alphabet, Schrift",um 1902,1901,1902,Hamburg,"nummeriert o. li. in schwarzer Tusche: ""1041""","Gesamt Höhe: 23,8cmBreite: 17,8cm;",freigegeben,,,,
P2017.3.1047,Schwertzubehör (Japan),,,"Blumenornamente, Schwert (Schwertzubehör), Tierkreis, Tierkreiszeichen, Pferd, Affen, Tiger, Werk der angewandten Kunst (Metalle), Tierornamente, Sammeln und Ausstellen von Kunstwerken, Schlangen, Buchstaben, Alphabet, Schrift",um 1902,1901,1902,Hamburg,"nummeriert o. li. in schwarzer Tusche: ""1047""","Gesamt Höhe: 23,8cmBreite: 17,8cm;",freigegeben,(ohne Datensätze),,,
P2017.3.1034,Schwertzubehör (Japan),,,"Schwert (Schwertzubehör, Tsuba), Fische (Tiere), Tiere als Ornament, Werk der angewandten Kunst (Metalle), Sammeln und Ausstellen von Kunstwerken, Mensch, Pflanzen, Vegetation, Tintenfisch, Buchstaben, Alphabet, Schrift",um 1902,1901,1902,Hamburg,"nummeriert o. li. in schwarzer Tusche: ""1034""","Gesamt Höhe: 23,8cmBreite: 17,8cm;","Die Aufnahme zählt zu dem von Wilhelm Weimar ab 1897 angelegten Bildinventar der Sammlungsgegenstände des MKG.  Hier Bild Nr. 1034 aus Karton 12 der Aufnahmen im Format 18 x 24 cm. Justus Brinckmann ordnete das japanische Schwerzubehör bestehend aus Tsuba, Kozuka, Fuchi-Kashira, in thematische Gruppierungen. Diese historischen Ordnungen sind nur noch auf diesen Fotografien erhalten. Motive vornehmlich: Fische.",(ohne Datensätze),,,
P2017.3.1157,Kaffeekanne,,,"Werk der angewandten Kunst (Metalle), Kanne (Trinkgefäß), Rocaille, Ornamente, Blumenornamente",um 1902,1902,1903,Hamburg,"nummeriert o. li. in schwarzer Tusche: ""1157""","Gesamt Höhe: 23,8cmBreite: 17,8cm;",freigegeben,bildet ab 1902.157,,,
P2017.3.1161a,Kasten für Schreibutensilien (Bunko),,,"Werk der angewandten Kunst (Lack), Vogelfedern, Truhe, Kasten, Kiste",um 1902,1902,1903,Hamburg,"nummeriert o. li. in schwarzer Tusche: ""1161,a""","Gesamt Höhe: 23,8cmBreite: 17,8cm;",freigegeben,bildet ab 1898.154, Zu einer Serie/ Kollektion gehörig mit P2017.3.1161b,,
P2017.3.1161b,Kasten für Schreibutensilien (Bunko),,,"Werk der angewandten Kunst (Lack), Truhe, Kasten, Kiste, Schreiben und Buchstaben (Pinsel), Ornamente, Buchstaben, Alphabet, Schrift",um 1902,1902,1903,Hamburg,"nummeriert o. li. in schwarzer Tusche: ""1161,b""","Gesamt Höhe: 23,8cmBreite: 17,8cm;",freigegeben, bildet ab 1898.154,Zu einer Serie/ Kollektion gehörig mit P2017.3.1161a,,
P2017.3.1185a,Kaffeekanne,,,"Werk der angewandten Kunst (Keramik), Kanne (Trinkgefäß), Bäume, Sträucher, Vögel, Idyllen, ländliche Szenen, arkadische Szenen, Behälter (Keramik): Gefäß, Krug, Topf, Vase, Liebende, Liebespaar, Ornamente",um 1903,1902,1903,Hamburg,"nummeriert o. li. in schwarzer Tusche: ""zu 1185""","Gesamt Höhe: 23,8cmBreite: 17,8cm;",freigegeben,bildet ab 1877.950,,,
P2017.3.1195,Apothekerkrug,,,"Werk der angewandten Kunst (Keramik), Ornamente, Behälter (Keramik): Gefäß, Krug, Topf, Vase (Albarello), Tierornamente (Bukranion), Girlanden, Blumengewinde (Ornament), Banderole",um 1903,1902,1903,Hamburg,"nummeriert o. li. in schwarzer Tusche: ""1195""","Gesamt Höhe: 23,8cmBreite: 17,8cm;",freigegeben,bildet ab 1901.241,,,
P2017.3.1197,Vase,,,"Werk der angewandten Kunst (Keramik), Behälter (Keramik): Gefäß, Krug, Topf, Vase, Ornamente (Chinoiserien), Akanthusornament, Palme",um 1903,1902,1903,Hamburg,"nummeriert o. li. in schwarzer Tusche: ""1197""","Gesamt Höhe: 23,8cmBreite: 17,8cm;",freigegeben,bildet ab 1904.123,,,
P2017.3.1198,Kaffeekanne mit Szenen des Vogelfangs und der Fischerei,,,"Werk der angewandten Kunst (Keramik), Kanne (Trinkgefäß), Ornamente, Rocaille, Kartusche (Ornament), Idyllen, ländliche Szenen, arkadische Szenen, Pflanzenornamente",um 1903,1902,1903,Hamburg,"nummeriert o. li. in schwarzer Tusche: ""1198""","Gesamt Höhe: 23,8cmBreite: 17,8cm;",freigegeben,bildet ab 1902.429.ab,,,
P2017.3.1199,Figur Winter als Mädchen,,,"Werk der angewandten Kunst (Keramik), Mädchen, Winter, Jahreszeiten, Skulptur, Plastik, Bildhauerkunst, Kleidung, Blumenornamente",um 1903,1902,1903,Hamburg,"nummeriert o. li. in schwarzer Tusche: ""1199""","Gesamt Höhe: 23,8cmBreite: 17,8cm;",freigegeben,bildet ab 1902.423,,,
P2017.3.1206,Wassergefäß für die Teegesellschaft Chanoyu (Mizusashi),,,"Werk der angewandten Kunst (Keramik), Pflanzenornamente (Ahorn), Behälter (Keramik): Gefäß, Krug, Topf, Vase, Töpferwaren, Keramik (Sammeln und Ausstellen von Kunstwerken), Buchstaben, Alphabet, Schrift",um 1903,1902,1903,Hamburg,"nummeriert o. li. in schwarzer Tusche: ""1206""","Gesamt Höhe: 23,8cmBreite: 17,8cm;",freigegeben,bildet ab 1902.414.a,bildet ab 1902.414.b,,
P2017.3.1288,Schrankvorderwand,,,"Werk der angewandten Kunst (Holz, z.B. Vertäfelung), Abendmahl, Geißelung Christi, Dornenkrönung Christi, Maria mit Christuskind (Madonna), Karyatiden (Architektur), Ornamente, Pflanzenornamente, weiblicher Akt",um 1903,1903,1904,Hamburg,"nummeriert o. li. in schwarzer Tusche: ""1288""","Gesamt Höhe: 23,8cmBreite: 17,8cm;",freigegeben,bildet ab 1878.530,,,
P2017.3.1311,Statuette Madonna mit Kind,,,"Skulptur, Plastik, Bildhauerkunst (Elfenbein), Maria mit Christuskind (Madonna), Werk der angewandten Kunst (Knochen, Elfenbein)",um 1904,1903,1904,Hamburg,"nummeriert o. li. in schwarzer Tusche: ""1311""","Gesamt Höhe: 23,8cmBreite: 17,8cm;",freigegeben,bildet ab 1893.198,,,
P2017.3.1313a,Terrine,,,"Werk der angewandten Kunst (Keramik), Schüssel, Tiere als Ornament, Fische (Tiere), Rocaille",um 1904,1903,1904,Hamburg,"nummeriert o. li. in schwarzer Tusche: ""1313,a""","Gesamt Höhe: 23,8cmBreite: 17,8cm;",freigegeben, bildet ab 1901.214.a-c,Zu einer Serie/ Kollektion gehörig mit P2017.3.1313b,,
P2017.3.1314,Figur Sultanin mit Eunuch,,,"Werk der angewandten Kunst (Keramik) (Porzellan), Armhaltungen, Gesten, Dolch, Mann, Frau, Turban, Hosen, Gürtel, Gurt, Stiefel, Jacke, Mantel, Umhang, Cape, Skulptur, Plastik, Bildhauerkunst",um 1904,1903,1904,Hamburg,"nummeriert o. li. in schwarzer Tusche: ""1314""","Gesamt Höhe: 23,8cmBreite: 17,8cm;",freigegeben,bildet ab 1903.594, Abbildung weitgehend identisch P2017.3.1333,,
P2017.3.1328b,Schreibkasten  (Suzuribako),,,"Pflanzenornamente, Insekten (Libelle), Pflanzen, Vegetation, Werk der angewandten Kunst (Lack), Truhe, Kasten, Kiste",um 1904,1904,1905,Hamburg,"nummeriert o. re. in schwarzer Tusche: ""1328b""","Gesamt Höhe: 23,8cmBreite: 17,8cm;",freigegeben,bildet ab 1904.75,,,
P2017.3.1329,Schreibkasten mit Teehaus im Sturm (suzuribako),,,"Bäume, Sträucher, Berge, Gebirge, Landschaft mit Anlagen, Werk der angewandten Kunst (Lack), Truhe, Kasten, Kiste",um 1904,1904,1905,Hamburg,"nummeriert o. li. in schwarzer Tusche: ""1329""","Gesamt Höhe: 23,8cmBreite: 17,8cm;",freigegeben,bildet ab 1891.316.a-f,,,
P2017.3.1330,Schreibkasten mit Vogel und Blumentopf (Suzuribako),,,"Vögel, Blumen, Werk der angewandten Kunst (Lack), Truhe, Kasten, Kiste, Ornamente",um 1904,1904,1905,Hamburg,"nummeriert o. li. in schwarzer Tusche: ""1330""","Gesamt Höhe: 23,8cmBreite: 17,8cm;",freigegeben,bildet ab 1878.410,,,
P2017.3.1334,Schreibkasten (Suzuribako),,,"Blumenornamente, Vögel, Blumen (Chrysanthemen), Werk der angewandten Kunst (Lack), Truhe, Kasten, Kiste, Landschaften (gemäßigte Zone)",um 1904,1904,1905,Hamburg,"nummeriert o. li. in schwarzer Tusche: ""1334""","Gesamt Höhe: 23,8cmBreite: 17,8cm;",freigegeben,bildet ab 1927.403.a-c,,,
P2017.3.1343,Teekanne mit Deckel,,,"Werk der angewandten Kunst (Keramik), Kanne (Trinkgefäß), gedeckter Tisch/Tafelgeschirr, Tafeldekoration, Ornamente, Behälter (Keramik): Gefäß, Krug, Topf, Vase, Mäander, Pflanzenornamente",um 1904,1904,1905,Hamburg,"nummeriert o. li. in schwarzer Tusche: ""1343""","Gesamt Höhe: 23,8cmBreite: 17,8cm;",freigegeben,"(ohne Datensatz) 1890.495a,b",,,
P2017.3.1344,Picknickkasten (Sagejū),,,"Truhe, Kasten, Kiste, Berge, Gebirge, Gewässer, Blumenornamente, Vögel, Werk der angewandten Kunst (Lack), Essen und Trinken, Blumen (Chrysantheme), Landschaft mit Anlagen, Ornamente",um 1904,1904,1905,Hamburg,"nummeriert o. li. in schwarzer Tusche: ""1344""","Gesamt Höhe: 23,8cmBreite: 17,8cm;",freigegeben,bildet ab 1904.706,,,
P2017.3.1355,Kaffeekanne,,,"Werk der angewandten Kunst (Keramik) (Jasperware), Kanne (Trinkgefäß), gedeckter Tisch/Tafelgeschirr, Tafeldekoration, Kranz, Girlande (Lorbeer), Feuer, Ornamente, Pflanzenornamente",um 1904,1904,1905,Hamburg,"nummeriert o. li. in schwarzer Tusche: ""1355""","Gesamt Höhe: 23,8cmBreite: 17,8cm;",freigegeben,bildet ab 1904.224,,,
P2017.3.1359,Fliesen vom Mausoleum des Buyan Kuli Chan,,,"Werk der angewandten Kunst (Keramik), Fliesen, Kacheln, Ziegelsteine (Baumaterialien), Arabeske (Ornament), architektonische Details, Ornamente, Fassadendekorationen (Architektur)",um 1904,1904,1905,Hamburg,"nummeriert o. li. in schwarzer Tusche: ""1359""","Gesamt Höhe: 23,8cmBreite: 17,8cm;",freigegeben,bildet ab 1908.472, Zu einer Serie/ Kollektion gehörig mit P2017.3.1455,,
P2017.3.1361,Teller mit Granatapfeldekor,,,"Werk der angewandten Kunst (Keramik), Früchte, Granatapfel, Teller, Platte, Obst, Ornamente",um 1904,1904,1905,Hamburg,"nummeriert o. li. in schwarzer Tusche: ""1361""","Gesamt Höhe: 23,8cmBreite: 17,8cm;",freigegeben,bildet ab 1890.159,,,
P2017.3.1415,"Römer (Glas) mit diamantgerissener, kalligraphischer Inschrift ""genocck is mehr als viel"" und weiteren Texten",,,"Werk der angewandten Kunst (Glas), Trinken, Krug, Becher, Pokal, Buchstaben, Alphabet, Schrift",um 1905,1904,1905,Hamburg,"nummeriert u. in schwarzer Tusche: ""1415""","Gesamt Höhe: 23,8cmBreite: 17,8cm;",freigegeben,bildet ab 1904.446,,,
P2017.3.1443a,Schale (Palästraszenen),,,"Teller, Platte, Werk der angewandten Kunst (Keramik), Sport, Spiele (Palästra), menschl. Körper/Figur/Akt, Behälter (Keramik): Gefäß, Krug, Topf, Vase, Mäander",um 1905,1904,1905,Hamburg,"nummeriert o. li. in schwarzer Tusche: ""1443,a""","Gesamt Höhe: 23,8cmBreite: 17,8cm;",freigegeben, bildet ab 1900.518,Zu einer Serie/ Kollektion gehörig mit P2017.3.1443b,,
P2017.3.1451,Gefäß in Form eines Weinschlauches (Askos),,,"Werk der angewandten Kunst (Keramik), Ornamente, Behälter (Keramik): Gefäß, Krug, Topf, Vase, Tiere als Ornament, Mäander",um 1905,1904,1905,Hamburg,"nummeriert o. li. in schwarzer Tusche: ""1451""","Gesamt Höhe: 23,8cmBreite: 17,8cm;",freigegeben,bildet ab 1875.41,,,
P2017.3.1463,Räuchergefäß (Kōro) in Form einer Mandarin-Ente,,,"Enten, Werk der angewandten Kunst (Keramik), Tiere",um 1905,1904,1905,Hamburg,"nummeriert o. li. in schwarzer Tusche: ""1463""","Gesamt Höhe: 23,8cmBreite: 17,8cm;",freigegeben,bildet ab 1904.344,,,
P2017.3.1466,Bucheinband mit paradiesähnlicher Landschaft,,,"Buch (Einband), Tiger, Fabeltiere (Phönix), Fabeltiere (Drache), Pflanze, Tier, Vögel, Fabeltiere (Qilin), Wolken, Pflanzenornamente, Tiere als Ornament, Werk der angewandten Kunst (Häute, Leder) (Einband)",um 1905,1904,1905,Hamburg,"nummeriert o. li. in schwarzer Tusche: ""1466""","Gesamt Höhe: 23,8cmBreite: 17,8cm;",freigegeben,bildet ab 1894.27,,,
P2017.3.1467,Fünf Figuren (Meißener Porzellan),,,"Werk der angewandten Kunst (Keramik) (Porzellanfigur), Skulptur, Plastik, Bildhauerkunst,  angewandte Kunst (Sammeln und Ausstellen von Kunstwerken), Mann, Frau, Marketender, Marketenderin, Armhaltungen, Gesten, Behälter (Korb), Musikinstrumente, Hut, Kleidung, Schuhe, Sandalen, Auster",um 1905,1904,1905,Hamburg,"nummeriert o. li. in schwarzer Tusche: ""1467""","Gesamt Höhe: 18cmBreite: 17,8cm;",freigegeben,bildet ab 1898.49, bildet ab 1904.326, bildet ab 1905.177, bildet ab 1905.178
P2017.3.1609,Kleinplastik Maria Immaculata,,,"Skulptur, Plastik, Bildhauerkunst, Immaculata (Maria auf der Mondsichel), Schlangen, Apfel, Globus, Rose, Sterne, Kleid, Ornamente, Rocaille, Amoretten, Putten, Werk der angewandten Kunst (Holz, z.B. Vertäfelung), allegorische und symbolische Darstellungen der Kirche und der Religion, Armhaltungen, Gesten, Blumenornamente",18.01.1906,,,Hamburg,"nummeriert o. li. in schwarzer Tusche: ""1609""","Gesamt Höhe: 23,8cmBreite: 17,8cm;",nicht freigegeben,bildet ab 1905.581,,,
P2017.3.1621,Vierländer Stuhl,,,"Werk der angewandten Kunst (Holz, z.B. Vertäfelung), Blumenornamente, Buchstaben, Alphabet, Schrift, Werk der angewandten Kunst (Schilfrohr, Binsen), Ornamente, Zahl, Stuhl, Möbel und Hausrat",3/5/1906,,,Hamburg,"nummeriert o. in schwarzer Tusche: ""1621.""","Gesamt Höhe: 23,8cmBreite: 17,8cm;",nicht freigegeben,bildet ab 1903.380,,,
P2017.3.1622,Zwei Vierländer Kinderstühle,,,"Werk der angewandten Kunst (Holz, z.B. Vertäfelung), Blumenornamente, Buchstaben, Alphabet, Schrift, Werk der angewandten Kunst (Schilfrohr, Binsen), Vögel, Tierornamente, Ornamente, Zahl, Stuhl, Möbel und Hausrat",3/5/1906,,,Hamburg,"nummeriert o. li. in schwarzer Tusche: ""1622.""","Gesamt Höhe: 23,8cmBreite: 17,8cm;",nicht freigegeben,bildet ab 1904.278, bildet ab 1896.226,,
P2017.3.1644,Schüssel,,,"Werk der angewandten Kunst (Keramik), Porträt, Profil (Seitenansicht), Mann, Frau, Kranz, Girlande (Lorbeer)",4/28/1906,,,Hamburg,"nummeriert o. li. in schwarzer Tusche: ""1644""","Gesamt Höhe: 23,8cmBreite: 17,8cm;",nicht freigegeben,bildet ab 1882.205,,,
P2017.3.1699,Schüssel,,,"Werk der angewandten Kunst (Ton, Sand, Lehm), Blumenornamente, Schüssel, Vögel, Ornamente",8/3/1906,,,Hamburg,"nummeriert o. li. in schwarzer Tusche: ""1699.""","Gesamt Höhe: 23,8cmBreite: 17,8cm;",nicht freigegeben,bildet ab 1897.417,,,
P2017.3.1704,Hamburger Schapp,,,"Werk der angewandten Kunst (Holz, z.B. Vertäfelung), Ornamente, Schrank, Kartusche (Ornament), Tierornamente, Pferd, Amoretten, Putten, weiblicher Akt, Engel (christliche Religion), Akanthusornament, Hund, Elefant, Stier, Füllhorn",9/17/1906,,,Hamburg,"nummeriert o. li. in schwarzer Tusche: ""1704""","Gesamt Höhe: 23,8cmBreite: 17,8cm;",nicht freigegeben,bildet ab 1905.793,,,
P2017.3.1739,Kleinplastik Liebespaar am Spinett,,,"Werk der angewandten Kunst (Keramik) (Porzellan), Frau, Mann, Musikinstrumente (Spinett), Liebende, Liebespaar, Armhaltungen, Gesten, Blumen, Kleidung",1/23/1907,,,Hamburg,"nummeriert re. in schwarzer Tusche: ""1739""","Gesamt Höhe: 23,8cmBreite: 17,8cm;",nicht freigegeben,bildet ab 1896.159,,,
P2017.3.1740,Elfenbein-Raspel mit Badendem Mädchen und Elfenbein-Raspel mit Venus und Amor- Darstellung (Tabaksreibe),,,"Werk der angewandten Kunst (Knochen, Elfenbein), junge Frau, Mädchen, Muschel, Teufel, Dämonen, Bäume, Sträucher, Früchte, Pfeil und Bogen (Jagd), Venus und Cupido, Obst",1/25/1907,,,Hamburg,"nummeriert u. in schwarzer Tusche: ""1740,a (1740) 1740,b""; beschriftet o. in schwarzer Tusche: ""(1891,177) (1881,3)""","Gesamt Höhe: 23,8cmBreite: 17,8cm;",nicht freigegeben,bildet ab 1891.177, bildet ab 1881.3,,
P2017.3.1741,Kleinplastik Die Kartenspieler,,,"Werk der angewandten Kunst (Keramik) (Porzellan), Frau, Mann, Tisch, Stuhl, Kartenspiele, Armhaltungen, Gesten, Kleidung, Blumen",1/28/1907,,,Hamburg,"nummeriert re. in schwarzer Tusche: ""1741""; nummeriert u. in schwarzer Tusche: ""1741""","Gesamt Höhe: 23,8cmBreite: 17,8cm;",nicht freigegeben,bildet ab 1894.26,,,
P2017.3.1754,Figur Kentaur aus einer Gruppe Biscuit-Porzellan,,,"Werk der angewandten Kunst (Keramik), Skulptur, Plastik, Bildhauerkunst (Porzellan), Kentauren, Fabeltiere (Huftiere), Amoretten, Putten",2/11/1907,,,Hamburg,"nummeriert o. li. in schwarzer Tusche: ""1754""; nummeriert u. li. in schwarzer Tusche: ""1754""","Gesamt Höhe: 23,8cmBreite: 17,8cm;",nicht freigegeben,bildet ab 1878.564.ab,,,
P2017.3.1756a,Figur Scaramuz,,,"Werk der angewandten Kunst (Keramik), Skulptur, Plastik, Bildhauerkunst (Porzellan), Schauspieler/Schauspielerin, Armhaltungen, Gesten, Hut, Kleidung, Schuhe, Sandalen",2/16/1907,,,Hamburg,"nummeriert u. in schwarzer Tusche: ""zu 1756""","Gesamt Höhe: 23,8cmBreite: 17,8cm;",nicht freigegeben,bildet ab 1899.89, Abbildung weitgehend identisch P2017.3.1756,,
P2017.3.1756,Figur Scaramuz,,,"Werk der angewandten Kunst (Keramik), Skulptur, Plastik, Bildhauerkunst (Porzellan), Schauspieler/Schauspielerin, Armhaltungen, Gesten, Kleidung, Schuhe, Sandalen, Hut",2/16/1907,,,Hamburg,"nummeriert u. li. in schwarzer Tusche: ""1756""","Gesamt Höhe: 23,8cmBreite: 17,8cm;",nicht freigegeben,bildet ab 1899.89, Abbildung weitgehend identisch P2017.3.1756a,,
P2017.3.1768,Prunkschüssel mit Mannalese,,,"Werk der angewandten Kunst (Keramik), Mannaregen, Wappenschild, heraldisches Symbol, Amoretten, Putten, Schüssel, Ornamente, Landschaft mit Anlagen, Menschenmenge",4/25/1907,,,Hamburg,"nummeriert o. li. in schwarzer Tusche: ""1768""","Gesamt Höhe: 20cmBreite: 17,8cm;",nicht freigegeben,bildet ab 1906.420,,,
P2017.3.1770,Platte mit Ranken alla porcellana,,,"Werk der angewandten Kunst (Keramik) (Porzellan), Schüssel, Pflanzenornamente, Essservice, Essgeschirr, Arabeske (Ornament)",4/27/1907,,,Hamburg,"nummeriert o. li. in schwarzer Tusche: ""1770""","Gesamt Höhe: 23,8cmBreite: 17,8cm;",nicht freigegeben,bildet ab 1906.397,,,
P2017.3.1789,Standuhr,,,"Werk der angewandten Kunst (Edelmetalle), Sterne, Zeitmessung/Uhr, Engel (christliche Religion), Buch, Löwe (Raubtiere), Ornamente, Blumenornamente, Pflanzenornamente, Armhaltungen, Gesten, Profil (Seitenansicht)",6/28/1907,,,Hamburg,"nummeriert u. in schwarzer Tusche: ""1789""","Gesamt Höhe: 23,8cmBreite: 17,8cm;",nicht freigegeben,(ohne Datensatz) 1906.381 ,,,
P2017.3.1813,Teller aus dem Service für Madame du Barry,,,"Werk der angewandten Kunst (Keramik), Teller, Platte, Blumenornamente, Buchstaben, Alphabet, Schrift (Initialien), Amoretten, Putten, Pflanzenornamente (Eiche), Musikinstrumente (Schalmei)",um 1907,1907,1908,Hamburg,"nummeriert o. li. in schwarzer Tusche: ""1813.""","Gesamt Höhe: 23,8cmBreite: 17,8cm;",nicht freigegeben,bildet ab 1907.95,,,
P2017.3.1814,Tiefes Becken,,,"Werk der angewandten Kunst (Metalle) (Messing), Buchstaben, Alphabet, Schrift, Arabeske (Ornament), Blumenornamente, Werk der angewandten Kunst (Edelmetalle) (Silber)",um 1907,1907,1908,Hamburg,"nummeriert o. li. in schwarzer Tusche: ""1814.""","Gesamt Höhe: 23,8cmBreite: 17,8cm;",nicht freigegeben,bildet ab 1906.576,,,
P2017.3.1818,Vase mit Paradiesvögeln und Päonien,,,"Werk der angewandten Kunst (Keramik), Blumen, Vögel, Behälter (Keramik): Gefäß, Krug, Topf, Vase",um 1907,1907,1908,Hamburg,"nummeriert o. li. in schwarzer Tusche: ""1818.""","Gesamt Höhe: 23,8cmBreite: 17,8cm;",nicht freigegeben,bildet ab 1906.179, bildet ab 1906.180,,
P2017.3.1819,Schale,,,"Werk der angewandten Kunst (Keramik), Pferd, Reiten/Reiter(in), Axt, Beil, Mann, Bewegung, Schlagwaffen, Sattel, Hut, Schuhe, Sandalen, Bäume, Sträucher, Landschaften (gemäßigte Zone), Armhaltungen, Gesten",um 1907,1907,1908,Hamburg,"nummeriert o. li. in schwarzer Tusche: ""1819.""","Gesamt Höhe: 23,8cmBreite: 17,8cm;",nicht freigegeben,bildet ab 1907.138,,,
P2017.3.1863,Pseudo-panathenäische Amphora,,,"Werk der angewandten Kunst (Keramik), Mann, Sport, Spiele, Pflanzenornamente (Palme), Behälter (Keramik): Gefäß, Krug, Topf, Vase, Ornamente",um 1908,1907,1908,Hamburg,"nummeriert u. in schwarzer Tusche: ""1865.""","Gesamt Höhe: 23,8cmBreite: 17,8cm;",nicht freigegeben,bildet ab DOPPELT_1907.510,,,
P2017.3.1865,Allegorie der Stadt Venedig,,,"Werk der angewandten Kunst (Keramik) (Porzellan), Personifikationen, Löwe (Evangelistensymbole), Palme, Kinder, Krone, Abstrakte Ideen/Konzepte (Venedig), Blumen, Kleidung",um 1908,1907,1908,Hamburg,"nummeriert o. li. in schwarzer Tusche: ""1865.""; beschriftet u. in schwarzer Tusche: ""gut.""","Gesamt Höhe: 23,8cmBreite: 17,8cm;",nicht freigegeben,bildet ab 1907.190,,,
P2017.3.1867,Humpen mit Ziegen,,,"Werk der angewandten Kunst (Keramik), Behälter (Keramik): Gefäß, Krug, Topf, Vase, Landschaften (gemäßigte Zone), Ziege, Wolken, Küste, Werk der angewandten Kunst (Metalle)",um 1908,1907,1908,Hamburg,"nummeriert o. li. in schwarzer Tusche: ""1867.""","Gesamt Höhe: 23,8cmBreite: 17,8cm;",nicht freigegeben,bildet ab 1892.1,,,
P2017.3.1871a,"Bouillonterrine, bemalt mit Jagdszenen und Chinesenszenen in der Ornamentik",,,"Werk der angewandten Kunst (Keramik) (Porzellan), Behälter (Keramik): Gefäß, Krug, Topf, Vase, Landschaften (gemäßigte Zone), Ornamente (Chinoiserien), Laub- und Bandelwerk, Jagen, Jagd, Menschenmenge, Ornamente",um 1908,1907,1908,Hamburg,"nummeriert re. in schwarzer Tusche: ""1871,a.""","Gesamt Höhe: 23,8cmBreite: 17,8cm;",nicht freigegeben,bildet ab 1906.528,,,
P2017.3.1872,Stangenvase,,,"Werk der angewandten Kunst (Keramik), Behälter (Keramik): Gefäß, Krug, Topf, Vase, Blumenornamente, Ornamente",um 1908,1907,1908,Hamburg,"nummeriert o. li. in schwarzer Tusche: ""1872.""","Gesamt Höhe: 23,8cmBreite: 17,8cm;",nicht freigegeben,bildet ab 1906.364,,,
P2017.3.1873,Teller,,,"Werk der angewandten Kunst (Keramik), Blumenornamente (Kornblume), Pflanzenornamente, Blumenornamente (Hyazinthen), Blumenornamente (Tulpen)",um 1908,1907,1908,Hamburg,"nummeriert o. li. in schwarzer Tusche: ""1873""","Gesamt Höhe: 23,8cmBreite: 17,8cm;",nicht freigegeben,bildet ab 1907.492.4,,,
P2017.3.1874,Tischbrunnen mit Bacchus,,,"Werk der angewandten Kunst (Keramik), Muschel, Blumenornamente, Tiere, Schwan, Meerestiere, Behälter (Keramik): Gefäß, Krug, Topf, Vase, Geschichte des Bacchus (Dionysus), Wein (Flasche)",um 1908,1907,1908,Hamburg,"nummeriert o. li. in schwarzer Tusche: ""1874""","Gesamt Höhe: 23,8cmBreite: 17,8cm;",nicht freigegeben,bildet ab 1905.646,,,
P2017.3.1883,Sternenförmige Schale,,,"Werk der angewandten Kunst (Textilien), Ornamente, Blumenornamente",4/5/1908,,,Hamburg,"nummeriert o. li. in schwarzer Tusche: ""1883.""","Gesamt Höhe: 23,8cmBreite: 17,8cm;",nicht freigegeben,bildet ab 1895.388,,,
P2017.3.1903a,Apotheker-Henkeltopf,,,"Werk der angewandten Kunst (Keramik), Töpferwaren, Keramik (Sammeln und Ausstellen von Kunstwerken), Apotheker, Apotheke, Ornamente, Behälter (Keramik): Gefäß, Krug, Topf, Vase, Vögel, Buchstaben, Alphabet, Schrift, Amoretten, Putten, Band, Schriftrolle, Banderole (Ornament)",5/20/1908,,,Hamburg,"nummeriert o. li. in schwarzer Tusche: ""1903,a.""","Gesamt Höhe: 23,8cmBreite: 17,8cm;",nicht freigegeben,"ohne Datensatz, ohne Invenatrnummer, jedoch vorhanden",,,
P2017.3.1903b,Apotheker-Henkeltopf,,,"Werk der angewandten Kunst (Keramik), Töpferwaren, Keramik (Sammeln und Ausstellen von Kunstwerken), Apotheker, Apotheke, Ornamente, Behälter (Keramik): Gefäß, Krug, Topf, Vase, Musikinstrumente",5/20/1908,,,Hamburg,"nummeriert o. li. in schwarzer Tusche: ""1903,b.""","Gesamt Höhe: 23,8cmBreite: 17,8cm;",nicht freigegeben,"ohne Datensatz, ohne Invenatrnummer, jedoch vorhanden",,,
P2017.3.2015a,Schüssel (Vorderseite),,,"Werk der angewandten Kunst (Keramik) (Fayence), Schüssel, Ornamente, Buchstaben, Alphabet, Schrift (Majuseln), Kreuzigung, Blumenornamente, Rankenornament, Medaillon (Ornament)",8/8/1908,,,Hamburg,"nummeriert o. li. in schwarzer Tusche: ""2015,a.""","Gesamt Höhe: 23,8cmBreite: 17,8cm;",nicht freigegeben,(ohne Datensatz) 1908.334 ,Zu einer Serie/ Kollektion gehörig mit P2017.3.2015b,,
P2017.3.2020,Teller,,,"Werk der angewandten Kunst (Keramik) (Porzellan), Teller, Platte, Vögel, Ornamente, Füllhorn, Pflanzenornamente, Buchstaben, Alphabet, Schrift (Initialien)",10/19/1908,,,Hamburg,"nummeriert o. in schwarzer Tusche: ""2020.""","Gesamt Höhe: 23,8cmBreite: 17,8cm;",nicht freigegeben,bildet ab 1909.11,,,
P2017.3.2022,Teller mit Landschaft,,,"Werk der angewandten Kunst (Keramik) (Porzellan), Landschaften (gemäßigte Zone), Teller, Platte, ideale Landschaften, Wanderer, Laub- und Bandelwerk, Rocaille, Blumenornamente",11/10/1908,,,Hamburg,"nummeriert o. li. in schwarzer Tusche: ""2022.""","Gesamt Höhe: 23,8cmBreite: 17,8cm;",nicht freigegeben,bildet ab 1908.73,,,
P2017.3.2030,Teekanne,,,"Werk der angewandten Kunst (Keramik) (Porzellan), Kind, Pflanzenornamente, Spielzeug (Diabolo), Tiere als Ornament, Kanne (Trinkgefäß)",1/25/1909,,,Hamburg,"nummeriert o. li. in schwarzer Tusche: ""2030.""","Gesamt Höhe: 23,8cmBreite: 17,8cm;",nicht freigegeben,bildet ab 1908.519,,,
P2017.3.2038,Kelchglas,,,"Kelch, Werk der angewandten Kunst (Glas), Schiffe, hist. Ort, Stadt, Dorf, Tiere, Landschaften, Gewässer, Stadtansicht, Wolken, Kirchenbau und Ausstattung (Sakralbau), Ornamente",2/11/1909,,,Hamburg,"nummeriert o. li. in schwarzer Tusche ""2038""","Gesamt Höhe: 23,8cmBreite: 17,8cm;",nicht freigegeben,bildet ab 1908.305,,,
P2017.3.2039,Kelchglas,,,"Kelch, Werk der angewandten Kunst (Glas), hist. Ort, Stadt, Dorf, Städter, Stadtbewohner, Wohnhaus, Etagenhaus, Handel und Finanzwesen, Ornamente",2/12/1909,,,Hamburg,"nummeriert u. li. in Blei ""2039""","Gesamt Höhe: 23,8cmBreite: 17,8cm;",nicht freigegeben,bildet ab 1908.306,,,
P2017.3.2040,Zwei Bettvorhänge mit Borte,,,"Werk der angewandten Kunst (Leinen, Stoff), Handwerk, Handwerker bei der Arbeit, Bauern, Pferd, Hund, Textilindustrie/Bekleidungsindustrie, Ernte",2/17/1909,,,Hamburg,"nummeriert o. li. in schwarzer Tusche: ""2040""","Gesamt Höhe: 23,8cmBreite: 17,8cm;",nicht freigegeben,bildet ab 1908.357,,,
P2017.3.2041,Kolonettenkrater,,,"Werk der angewandten Kunst (Ton, Sand, Lehm), Satyrn, Faune, Silene, Götter (klass. Mythologie), Geschichte des Bacchus (Dionysus), Behälter (Keramik): Gefäß, Krug, Topf, Vase, Ornamente",2/20/1909,,,Hamburg,"nummeriert o. li. in schwarzer Tusche: ""2041""","Gesamt Höhe: 23,8cmBreite: 17,8cm;",nicht freigegeben,bildet ab 1908.242,,,
P2017.3.2287,Sargschild der Lübecker Wandbereiter,,,"Werk der angewandten Kunst (Metalle), Grab, Grabstätte (Grabausstattung), Skelett, Engel (christliche Religion), Schädel, Krone, Ornamente, Schere (Tuchschere), Kartusche (Ornament), Buchstaben, Alphabet, Schrift, Sanduhr, Symbole und Personifikationen des Todes (Memento Mori)",1/4/1910,,,Hamburg,"nummeriert o. li. in schwarzer Tusche: ""2287""","Gesamt Höhe: 23,8cmBreite: 17,8cm;",nicht freigegeben,bildet ab 1908.411,,,
P2017.3.2288,Humpen,,,"Werk der angewandten Kunst (Metalle), Trinkgefäße, Ornamente, Blumenornamente, allegorische Darstellungen (Natura) (Winter), symbolische Darstellungen, Allegorien, Embleme der Kunst, Akanthusornament, Rankenornament",1/11/1910,,,Hamburg,"nummeriert o. li. in schwarzer Tusche: ""2288""","Gesamt Höhe: 23,8cmBreite: 17,8cm;",nicht freigegeben,bildet ab 1909.83,,,
P2017.3.2290,Zwei Kleinplastiken Bauer und Bäuerin aus Amager,,,"Werk der angewandten Kunst (Keramik) (Porzellan), Behälter (Textil): Tasche, Beutel, Sack, Kartoffel, Rübe, Bauern, Gemüse (Rettich), Bäuerin, Bauersfrau, Behälter (Holz): Fass, Tonne, Kopfbedeckung, Volkstracht, regionale Tracht",1/17/1910,,,Hamburg,"nummeriert o. li. in schwarzer Tusche: ""2290""","Gesamt Höhe: 23,8cmBreite: 17,8cm;",nicht freigegeben,bildet ab 1909.65, bildet ab 1909.64,,
P2017.3.2333,Surtout mit Behangmuster,,,"Werk der angewandten Kunst (Keramik) (Fayence), Ornamente, Tafelgeschirr, Blumenornamente, Rankenornament, Essservice, Essgeschirr",6/16/1910,,,Hamburg,"nummeriert o. li. in schwarzer Tusche: ""2333""","Gesamt Höhe: 23,8cmBreite: 17,8cm;",nicht freigegeben,bildet ab 1909.62,,,
P2017.3.2451,Schale aus einem Wöchnerinnengeschirr,,,"Werk der angewandten Kunst (Keramik), Frau, Bett, Vorhänge, Gardinen, Arabeske (Ornament), Fabeltiere, Medaillon (Ornament)",2/18/1911,,,Hamburg,"nummeriert li. o. in schwarzer Tusche: ""2451""","Gesamt Höhe: 23,8cmBreite: 17,8cm;",nicht freigegeben,bildet ab 1906.426,,,
P2017.3.2452,Schale aus einem Wöchnerinnengeschirr,,,"Werk der angewandten Kunst (Keramik), Frau, Bett, Vorhänge, Gardinen",2/20/1911,,,Hamburg,"nummeriert li. o. in schwarzer Tusche: ""2452""","Gesamt Höhe: 23,8cmBreite: 17,8cm;",nicht freigegeben,bildet ab 1882.209,,,
P2017.3.2462,Hamburger Cithrinchen (Rückansicht),,,"Werk der angewandten Kunst (Holz, z.B. Vertäfelung), Musikinstrumente, Rankenornament, Blumenornamente, Diana auf der Jagd, mit Tieren bespannte Fahrzeuge (Kutsche etc.) (Muschelwagen), Hirsch, Engel (christliche Religion), Werk der angewandten Kunst (Knochen, Elfenbein)",5/3/1911,,,Hamburg,"nummeriert li. o. in schwarzer Tusche: ""2462""","Gesamt Höhe: 23,8cmBreite: 17,8cm;",nicht freigegeben,bildet ab 1911.495,,,
P2017.3.2465,"Lektionar mit Prachteinband aus der St. Petri Kirche, Hamburg",,,"Werk der angewandten Kunst (Edelmetalle), Armhaltungen, Gesten, Majestas Domini, Christus, Ornamente, Engel (christliche Religion), Fabeltiere (Drache), Adler (Evangelistensymbole), Fabeltiere (Huftiere), Buch, Buchstaben, Alphabet, Schrift, Kirchenausstattung",7/20/1911,,,Hamburg,"nummeriert li. o. in schwarzer Tusche: ""2465""","Gesamt Höhe: 23,8cmBreite: 17,8cm;",nicht freigegeben,bildet ab 1935.37,,,
P2017.3.2466,Evangeliar mit silbernem Deckel,,,"Werk der angewandten Kunst (Edelmetalle), Werk der angewandten Kunst (Häute, Leder), Johannes der Evangelist, Ornamente, Blumenornamente, Kelch",7/21/1911,,,Hamburg,"nummeriert li. o. in schwarzer Tusche: ""2466""","Gesamt Höhe: 23,8cmBreite: 17,8cm;",nicht freigegeben,bildet ab 1879.320,,,
P2017.3.2467,Servatiusplatte,,,"Werk der angewandten Kunst (Edelmetalle), Heilige (Servatius), Mann, Kircheninneres, Engel (christliche Religion)",7/21/1911,,,Hamburg,"nummeriert li. o. in schwarzer Tusche: ""2467""","Gesamt Höhe: 23,8cmBreite: 17,8cm;",nicht freigegeben,bildet ab 1885.1195,,,
P2017.3.2468,Servatiusplatte,,,"Werk der angewandten Kunst (Edelmetalle), Apostel (Petrus), Heilige (Servatius), Schlüssel, Stadt, Stadtansicht (Vedute), Festung, Kirchturm, Buch, Wolken, Armhaltungen, Gesten",7/22/1911,,,Hamburg,"nummeriert re. in schwarzer Tusche: ""2468""","Gesamt Höhe: 23,8cmBreite: 17,8cm;",nicht freigegeben,bildet ab 1885.1195,,,
P2017.3.2469,Servatiusplatte,,,"Werk der angewandten Kunst (Edelmetalle), Heilige (Servatius), Schlüssel, Stadt, Stadtansicht (Vedute), Bäume, Sträucher, Kirchenausstattung (Reliquiar)",7/22/1911,,,Hamburg,"nummeriert re. in schwarzer Tusche: ""2469""; beschriftet re. in schwarzer Tusche: ""gut""","Gesamt Höhe: 23,8cmBreite: 17,8cm;",nicht freigegeben,bildet ab 1885.1195,,,
P2017.3.2470,Servatiusplatte,,,"Werk der angewandten Kunst (Edelmetalle), Mann, Heilige (Servatius), Armhaltungen, Gesten, Bäume, Sträucher, Schlüssel, Quelle eines Flusses oder Stromes, Wasser (Elemente), Engel (christliche Religion), Behälter (Schale)",7/22/1911,,,Hamburg,"nummeriert re. in schwarzer Tusche: ""2470""","Gesamt Höhe: 23,8cmBreite: 17,8cm;",nicht freigegeben,bildet ab 1885.1195,,,
P2017.3.2471,Servatiusplatte,,,"Werk der angewandten Kunst (Edelmetalle), Fabeltiere (Drache), Heilige (Servatius), Armhaltungen, Gesten, Bäume, Sträucher, Schlüssel, Skelett, Mensch",7/24/1911,,,Hamburg,"nummeriert re. in schwarzer Tusche: ""2471""","Gesamt Höhe: 23,8cmBreite: 17,8cm;",nicht freigegeben,bildet ab 1885.1195,,,
P2017.3.2477,Schlüssel-Willkomm der Kranken- und Sterbekasse der Schlossergesellen zu Hamburg,,,"Werk der angewandten Kunst (Metalle), Trinkgefäße, Amoretten, Putten, Ornamente, Laub- und Bandelwerk, Buchstaben, Alphabet, Schrift, Akanthusornament, Vögel (Klaue)",7/29/1911,,,Hamburg,"nummeriert o. li. in schwarzer Tusche: ""2477""","Gesamt Höhe: 23,8cmBreite: 17,8cm;",nicht freigegeben,bildet ab 1886.44,,,
P2017.3.2482,Ofen,,,"Werk der angewandten Kunst (Keramik), Rocaille, Geschichte von Ovid, Kartusche (Ornament), Idyllen, ländliche Szenen, arkadische Szenen",1911,7/29/1911,9/19/1911,Hamburg,"nummeriert o. li. in schwarzer Tusche: ""2482""","Gesamt Höhe: 23,8cmBreite: 17,8cm;",nicht freigegeben,bildet ab 1911.286,,,
P2017.3.2483,Ofen mit Chinoiserien,,,"Werk der angewandten Kunst (Keramik), Werk der angewandten Kunst (Metalle), Zahl, Ornamente (Chinoiserien), Blumenornamente, Zeitmessung/Uhr, Kerzenhalter, Kandelaber, Interieur, Rocaille",1911,7/29/1911,9/19/1911,Hamburg,"nummeriert o. li. in schwarzer Tusche: ""2483""","Gesamt Höhe: 23,8cmBreite: 17,8cm;",nicht freigegeben,bildet ab 1883.40,,,
P2017.3.2491,Weinkanne in Kalebassenform,,,"Werk der angewandten Kunst (Ton, Sand, Lehm) (Steinzeug), Lotusblume, Kanne (Trinkgefäß), Kind",1911,7/29/1911,9/19/1911,Hamburg,"nummeriert o. li. in schwarzer Tusche: ""2491""","Gesamt Höhe: 23,8cmBreite: 17,8cm;",nicht freigegeben,bildet ab 1910.166,,,
P2017.3.2502,Vierländer Stuhlkissen,,,"Werk der angewandten Kunst (Leinen, Stoff), Ornamente",1911,7/29/1911,9/19/1911,Hamburg,"nummeriert o. li. in schwarzer Tusche: ""2502""","Gesamt Höhe: 23,8cmBreite: 17,8cm;",nicht freigegeben,bildet ab 1910.476,,,
P2017.3.2521,Namentuch aus den Vierlanden,,,"Werk der angewandten Kunst (Textilien), Ornamente, Buchstaben, Alphabet, Schrift, Zahl, Blumenornamente, Tierornamente, Pflanzenornamente, Vögel, Engel (christliche Religion)",um 1911,1911,1912,Hamburg,"nummeriert o. li. in schwarzer Tusche: ""2521""","Gesamt Höhe: 23,8cmBreite: 17,8cm;",nicht freigegeben,(ohne Datensatz) 1903.312,,,
P2017.3.2523,Stickmustertuch aus dem Altenlande,,,"Werk der angewandten Kunst (Textilien), Ornamente, Buchstaben, Alphabet, Schrift, Zahl, Blumenornamente, Vögel, Tierornamente, Pflanzenornamente, Adam und Eva im Paradies, Amoretten, Putten, Kreuzigungsgruppe",um 1911,1911,1912,Hamburg,"nummeriert o. li. in schwarzer Tusche: ""2523""","Gesamt Höhe: 23,8cmBreite: 17,8cm;",nicht freigegeben,(ohne Datensatz) 1891.8 ,,,
P2017.3.2524,Stickmustertuch,,,"Werk der angewandten Kunst (Textilien), Ornamente, Buchstaben, Alphabet, Schrift, Zahl, Blumenornamente, Vögel, Tierornamente, Pflanzenornamente, Adam und Eva im Paradies, Amoretten, Putten, Pfau, Frau, Hut, Löwe (Raubtiere), Brunnen, Mann",um 1911,1911,1912,Hamburg,"nummeriert o. li. in schwarzer Tusche: ""2524""","Gesamt Höhe: 23,8cmBreite: 17,8cm;",nicht freigegeben,(ohne Datensatz) 1911.209 ,,,
P2017.3.2526,Stickmustertuch aus Hamburg,,,"Werk der angewandten Kunst (Textilien), Ornamente, Buchstaben, Alphabet, Schrift, Zahl, Blumenornamente, Vögel, Tierornamente, Pflanzenornamente, Adam und Eva im Paradies, Schiffe, Papagei, Krustentiere, Wappen (Insignien) (Hamburg), Kirchturm, Brunnen, Frau, Mann, Kinder, Neptun und Gefolge",um 1911,1911,1912,Hamburg,"nummeriert o. li. in schwarzer Tusche: ""2526""","Gesamt Höhe: 23,8cmBreite: 17,8cm;",nicht freigegeben,ohne Datensatz) 1906.725,,,
P2017.3.2528,Stickmustertuch aus Bayern,,,"Werk der angewandten Kunst (Textilien), Ornamente, Buchstaben, Alphabet, Schrift, Zahl, Blumenornamente, Tierornamente (Hahn), Pflanzenornamente, Krone, Tierornamente (Eichhörnchen), Brunnen, Volkstracht, regionale Tracht, Wanderer",um 1911,1911,1912,Hamburg,"nummeriert o. li. in schwarzer Tusche: ""2528""","Gesamt Höhe: 23,8cmBreite: 17,8cm;",nicht freigegeben,(ohne Datensatz) 1910.472,,,
P2017.3.2655,Gefäß unbekannten Gebrauches in Form eines jugendlichen männlichen Büste,,,"Werk der angewandten Kunst (Metalle) (Bronze), Kopf, Gesicht, Ornamente, Pflanzenornamente, Akanthusornament, Bart, Blumenornamente",um 1913,1913,1915,Hamburg,"nummeriert o. li. in schwarzer Tusche: ""2655""","Gesamt Höhe: 23,8cmBreite: 17,8cm;",nicht freigegeben,(ohne Datensatz) 1882.233,,,
P2017.3.2657,Löwen Aquamanile,,,"Werk der angewandten Kunst (Metalle) (Bronze), Löwe (Raubtiere), Tiere als Ornament, Ornamente, Kanne (Trinkgefäß) (Gießgefäß, Aquamanile)",um 1913,1913,1915,Hamburg,"nummeriert o. li. in schwarzer Tusche: ""2657.""","Gesamt Höhe: 23,8cmBreite: 17,8cm;",nicht freigegeben,bildet ab 1912.94,,,
P2017.3.2659,"Wandteppich ""Melkeveien"" (Die Milchstraße)",,,"Werk der angewandten Kunst (Textilien), Sterne, Sterne, Sternbilder, Himmel, Firmament, Himmelskörper, hebräische Schrift, junge Frau, Mädchen, Erschaffung von Sonne, Mond und Sternen (1. Buch Mose (Genesis)), Buchstaben, Alphabet, Schrift",um 1913,1913,1915,Hamburg,"nummeriert re. in schwarzer Tusche: ""2659.""","Gesamt Höhe: 23,8cmBreite: 17,8cm;",nicht freigegeben,bildet ab 1900.431,,,
P2017.3.2761a,Nautischer Quadrant des Kardinals von Mont’ Alto,,,"Werk der angewandten Kunst (Metalle), (angewandte) Naturwissenschaften, Navigation, Manövrieren eines Schiffes, Ornamente, Buchstaben, Alphabet, Schrift, Wappen (Insignien)",um 1914,1913,1915,Hamburg,"nummeriert o. li. in schwarzer Tusche: ""2761,a""","Gesamt Höhe: 23,8cmBreite: 17,8cm;",nicht freigegeben,bildet ab 1911.462,,,
P2017.3.2761b,Nautischer Quadrant des Kardinals von Mont’ Alto (Detail),,,"Werk der angewandten Kunst (Metalle), (angewandte) Naturwissenschaften, Navigation, Manövrieren eines Schiffes, Ornamente, Buchstaben, Alphabet, Schrift, Wappen (Insignien)",um 1914,1913,1915,Hamburg,"nummeriert o. li. in schwarzer Tusche: ""2761,b""","Gesamt Höhe: 23,8cmBreite: 17,8cm;",nicht freigegeben,bildet ab 1911.462,,,
P2017.3.2761c,Nautischer Quadrant des Kardinals von Mont’ Alto (Detail),,,"Werk der angewandten Kunst (Metalle), (angewandte) Naturwissenschaften, Navigation, Manövrieren eines Schiffes, Ornamente, Buchstaben, Alphabet, Schrift",um 1914,1913,1915,Hamburg,"nummeriert o. li. in schwarzer Tusche: ""2761,c""","Gesamt Höhe: 23,8cmBreite: 17,8cm;",nicht freigegeben,bildet ab 1911.462,,,